topGenre,isHighEnergy,isDanceable,isLoud,isLively,isHighValence,isAcoustic,isSpeechy,isPopular
adult standards,FALSE,TRUE,FALSE,FALSE,TRUE,TRUE,FALSE,TRUE
album rock,TRUE,FALSE,FALSE,FALSE,TRUE,FALSE,FALSE,FALSE
alternative hip hop,FALSE,TRUE,FALSE,FALSE,TRUE,FALSE,TRUE,TRUE
alternative metal,FALSE,FALSE,FALSE,FALSE,FALSE,FALSE,FALSE,TRUE
classic rock,TRUE,TRUE,FALSE,FALSE,TRUE,FALSE,FALSE,TRUE
alternative pop rock,FALSE,TRUE,FALSE,FALSE,FALSE,FALSE,FALSE,FALSE
pop,FALSE,TRUE,FALSE,FALSE,TRUE,FALSE,FALSE,TRUE
modern rock,FALSE,FALSE,FALSE,FALSE,FALSE,FALSE,TRUE,TRUE
modern rock,FALSE,FALSE,FALSE,FALSE,FALSE,FALSE,FALSE,TRUE
detroit hip hop,FALSE,TRUE,FALSE,FALSE,TRUE,FALSE,FALSE,TRUE
alternative rock,FALSE,TRUE,FALSE,FALSE,FALSE,FALSE,FALSE,TRUE
dutch indie,FALSE,TRUE,FALSE,TRUE,TRUE,FALSE,FALSE,FALSE
garage rock,TRUE,TRUE,FALSE,FALSE,TRUE,FALSE,FALSE,TRUE
dutch cabaret,FALSE,FALSE,FALSE,FALSE,FALSE,TRUE,FALSE,FALSE
permanent wave,FALSE,TRUE,FALSE,FALSE,FALSE,FALSE,FALSE,TRUE
alternative rock,FALSE,FALSE,FALSE,FALSE,FALSE,FALSE,FALSE,TRUE
classic uk pop,FALSE,FALSE,FALSE,TRUE,FALSE,FALSE,FALSE,FALSE
dance pop,FALSE,TRUE,FALSE,FALSE,TRUE,TRUE,TRUE,TRUE
permanent wave,FALSE,FALSE,FALSE,FALSE,FALSE,FALSE,FALSE,TRUE
modern folk rock,FALSE,TRUE,FALSE,FALSE,FALSE,FALSE,FALSE,TRUE
dutch pop,TRUE,TRUE,FALSE,FALSE,TRUE,FALSE,FALSE,TRUE
modern rock,FALSE,TRUE,FALSE,FALSE,TRUE,FALSE,FALSE,TRUE
detroit hip hop,TRUE,TRUE,FALSE,FALSE,TRUE,FALSE,TRUE,TRUE
afropop,FALSE,TRUE,FALSE,FALSE,TRUE,FALSE,FALSE,TRUE
permanent wave,FALSE,TRUE,FALSE,FALSE,FALSE,TRUE,FALSE,TRUE
british soul,FALSE,TRUE,FALSE,FALSE,FALSE,FALSE,FALSE,TRUE
adult standards,FALSE,TRUE,FALSE,FALSE,TRUE,TRUE,FALSE,TRUE
british soul,FALSE,TRUE,FALSE,FALSE,FALSE,FALSE,TRUE,TRUE
classic uk pop,FALSE,TRUE,FALSE,FALSE,TRUE,FALSE,FALSE,FALSE
alternative rock,FALSE,FALSE,FALSE,FALSE,TRUE,FALSE,FALSE,TRUE
irish rock,FALSE,FALSE,FALSE,FALSE,FALSE,FALSE,FALSE,FALSE
alternative metal,FALSE,TRUE,FALSE,FALSE,TRUE,FALSE,FALSE,TRUE
disco,TRUE,TRUE,FALSE,FALSE,TRUE,FALSE,FALSE,TRUE
big room,FALSE,TRUE,FALSE,FALSE,FALSE,FALSE,FALSE,TRUE
alternative rock,FALSE,FALSE,FALSE,FALSE,FALSE,FALSE,FALSE,TRUE
modern rock,TRUE,FALSE,FALSE,FALSE,TRUE,FALSE,FALSE,TRUE
alternative metal,FALSE,TRUE,FALSE,FALSE,TRUE,FALSE,FALSE,TRUE
dance pop,FALSE,FALSE,FALSE,FALSE,FALSE,FALSE,FALSE,TRUE
irish rock,FALSE,FALSE,FALSE,FALSE,FALSE,FALSE,FALSE,TRUE
adult standards,TRUE,TRUE,FALSE,FALSE,TRUE,FALSE,FALSE,TRUE
danish pop rock,FALSE,FALSE,FALSE,FALSE,FALSE,FALSE,FALSE,TRUE
dutch pop,FALSE,FALSE,FALSE,FALSE,FALSE,FALSE,FALSE,TRUE
neo mellow,FALSE,FALSE,FALSE,FALSE,FALSE,TRUE,FALSE,TRUE
alternative metal,FALSE,FALSE,FALSE,FALSE,FALSE,FALSE,FALSE,TRUE
britpop,FALSE,TRUE,FALSE,TRUE,TRUE,FALSE,FALSE,FALSE
boy band,FALSE,TRUE,FALSE,FALSE,FALSE,FALSE,FALSE,TRUE
album rock,FALSE,FALSE,FALSE,FALSE,FALSE,FALSE,FALSE,FALSE
carnaval limburg,FALSE,TRUE,FALSE,FALSE,TRUE,FALSE,FALSE,FALSE
arkansas country,FALSE,FALSE,FALSE,FALSE,TRUE,FALSE,FALSE,FALSE
dutch cabaret,TRUE,TRUE,FALSE,FALSE,TRUE,FALSE,FALSE,FALSE
latin alternative,TRUE,TRUE,FALSE,FALSE,TRUE,TRUE,FALSE,TRUE
alternative metal,FALSE,TRUE,FALSE,FALSE,TRUE,FALSE,FALSE,TRUE
british soul,FALSE,TRUE,FALSE,FALSE,TRUE,FALSE,FALSE,TRUE
dance pop,FALSE,TRUE,FALSE,TRUE,TRUE,FALSE,FALSE,TRUE
album rock,TRUE,TRUE,FALSE,FALSE,TRUE,FALSE,FALSE,TRUE
danish pop rock,FALSE,FALSE,FALSE,FALSE,FALSE,FALSE,FALSE,TRUE
british soul,FALSE,TRUE,FALSE,FALSE,FALSE,TRUE,FALSE,TRUE
alternative metal,FALSE,TRUE,FALSE,FALSE,TRUE,FALSE,FALSE,TRUE
british folk,FALSE,TRUE,FALSE,FALSE,FALSE,FALSE,FALSE,TRUE
celtic,TRUE,FALSE,FALSE,FALSE,TRUE,TRUE,TRUE,FALSE
pop,FALSE,TRUE,FALSE,FALSE,FALSE,FALSE,FALSE,TRUE
chanson,FALSE,FALSE,FALSE,FALSE,FALSE,TRUE,FALSE,TRUE
alternative metal,FALSE,FALSE,FALSE,FALSE,TRUE,FALSE,FALSE,TRUE
dutch cabaret,FALSE,TRUE,FALSE,TRUE,FALSE,FALSE,TRUE,FALSE
britpop,FALSE,FALSE,FALSE,FALSE,FALSE,FALSE,FALSE,FALSE
dutch indie,FALSE,FALSE,FALSE,FALSE,FALSE,FALSE,FALSE,FALSE
dutch pop,FALSE,TRUE,FALSE,FALSE,FALSE,FALSE,FALSE,FALSE
celtic,FALSE,FALSE,FALSE,FALSE,FALSE,TRUE,FALSE,TRUE
boy band,FALSE,TRUE,FALSE,FALSE,FALSE,FALSE,FALSE,TRUE
alternative metal,FALSE,FALSE,FALSE,FALSE,TRUE,FALSE,FALSE,TRUE
dutch pop,FALSE,TRUE,FALSE,FALSE,FALSE,FALSE,FALSE,FALSE
dutch indie,FALSE,TRUE,FALSE,FALSE,TRUE,FALSE,FALSE,FALSE
dutch indie,FALSE,TRUE,FALSE,FALSE,TRUE,FALSE,FALSE,FALSE
alternative metal,FALSE,FALSE,FALSE,FALSE,FALSE,FALSE,FALSE,TRUE
dutch indie,FALSE,FALSE,FALSE,FALSE,FALSE,TRUE,FALSE,FALSE
celtic rock,TRUE,TRUE,FALSE,FALSE,TRUE,FALSE,FALSE,TRUE
dutch cabaret,FALSE,FALSE,FALSE,FALSE,FALSE,FALSE,FALSE,FALSE
dutch pop,FALSE,TRUE,FALSE,FALSE,FALSE,FALSE,FALSE,FALSE
carnaval limburg,FALSE,FALSE,FALSE,TRUE,FALSE,FALSE,TRUE,FALSE
modern rock,FALSE,FALSE,FALSE,TRUE,FALSE,FALSE,FALSE,TRUE
dance pop,TRUE,TRUE,FALSE,FALSE,TRUE,FALSE,FALSE,TRUE
carnaval limburg,FALSE,FALSE,FALSE,FALSE,FALSE,TRUE,FALSE,FALSE
dutch cabaret,FALSE,FALSE,FALSE,FALSE,TRUE,FALSE,FALSE,FALSE
alternative rock,FALSE,TRUE,FALSE,FALSE,FALSE,FALSE,FALSE,FALSE
alternative metal,FALSE,TRUE,FALSE,FALSE,FALSE,FALSE,FALSE,TRUE
german pop,FALSE,FALSE,FALSE,FALSE,FALSE,TRUE,FALSE,FALSE
dutch indie,TRUE,TRUE,FALSE,FALSE,TRUE,FALSE,FALSE,TRUE
classic rock,FALSE,FALSE,FALSE,TRUE,FALSE,FALSE,FALSE,FALSE
dutch cabaret,FALSE,FALSE,FALSE,FALSE,FALSE,TRUE,FALSE,TRUE
hip pop,FALSE,FALSE,FALSE,FALSE,FALSE,TRUE,FALSE,TRUE
east coast hip hop,FALSE,TRUE,FALSE,TRUE,TRUE,FALSE,TRUE,TRUE
classic uk pop,FALSE,FALSE,FALSE,FALSE,FALSE,FALSE,FALSE,FALSE
neo mellow,FALSE,TRUE,FALSE,FALSE,TRUE,FALSE,TRUE,TRUE
modern rock,FALSE,TRUE,FALSE,FALSE,FALSE,FALSE,FALSE,TRUE
detroit hip hop,FALSE,TRUE,FALSE,FALSE,FALSE,FALSE,TRUE,TRUE
blues rock,FALSE,FALSE,FALSE,FALSE,TRUE,FALSE,FALSE,TRUE
electro,FALSE,TRUE,FALSE,FALSE,TRUE,FALSE,TRUE,TRUE
modern rock,FALSE,FALSE,FALSE,FALSE,FALSE,FALSE,FALSE,TRUE
alternative dance,FALSE,TRUE,FALSE,FALSE,FALSE,FALSE,FALSE,TRUE
dance pop,FALSE,FALSE,FALSE,FALSE,FALSE,FALSE,TRUE,TRUE
australian pop,FALSE,FALSE,FALSE,TRUE,TRUE,FALSE,FALSE,TRUE
dutch pop,FALSE,FALSE,FALSE,FALSE,FALSE,TRUE,FALSE,FALSE
album rock,FALSE,TRUE,FALSE,FALSE,FALSE,TRUE,FALSE,TRUE
adult standards,TRUE,TRUE,FALSE,FALSE,TRUE,FALSE,FALSE,FALSE
alternative metal,FALSE,FALSE,FALSE,FALSE,FALSE,FALSE,FALSE,TRUE
neo mellow,FALSE,TRUE,FALSE,FALSE,FALSE,TRUE,FALSE,TRUE
belgian rock,FALSE,TRUE,FALSE,TRUE,TRUE,TRUE,FALSE,FALSE
alternative dance,FALSE,TRUE,FALSE,FALSE,TRUE,FALSE,FALSE,TRUE
downtempo,FALSE,TRUE,FALSE,FALSE,FALSE,FALSE,FALSE,TRUE
british soul,FALSE,FALSE,FALSE,FALSE,TRUE,FALSE,FALSE,TRUE
british soul,FALSE,TRUE,FALSE,FALSE,TRUE,FALSE,FALSE,TRUE
adult standards,FALSE,TRUE,FALSE,FALSE,FALSE,TRUE,FALSE,TRUE
alternative metal,FALSE,TRUE,FALSE,FALSE,FALSE,FALSE,FALSE,TRUE
album rock,FALSE,TRUE,FALSE,FALSE,FALSE,FALSE,FALSE,TRUE
dutch rock,TRUE,TRUE,FALSE,FALSE,TRUE,FALSE,FALSE,FALSE
adult standards,FALSE,TRUE,FALSE,FALSE,TRUE,FALSE,FALSE,TRUE
dutch indie,FALSE,FALSE,FALSE,FALSE,FALSE,TRUE,FALSE,FALSE
dutch pop,FALSE,FALSE,FALSE,FALSE,FALSE,FALSE,FALSE,TRUE
british invasion,TRUE,FALSE,FALSE,FALSE,TRUE,FALSE,FALSE,TRUE
irish rock,FALSE,TRUE,FALSE,FALSE,FALSE,TRUE,FALSE,FALSE
canadian pop,FALSE,TRUE,FALSE,FALSE,FALSE,TRUE,FALSE,FALSE
dutch cabaret,TRUE,TRUE,FALSE,FALSE,TRUE,FALSE,TRUE,FALSE
album rock,FALSE,FALSE,FALSE,FALSE,FALSE,TRUE,FALSE,FALSE
permanent wave,FALSE,TRUE,FALSE,FALSE,FALSE,FALSE,FALSE,TRUE
neo mellow,FALSE,TRUE,FALSE,FALSE,FALSE,FALSE,FALSE,TRUE
classic rock,FALSE,TRUE,FALSE,FALSE,FALSE,TRUE,FALSE,FALSE
alternative rock,TRUE,TRUE,FALSE,FALSE,TRUE,FALSE,FALSE,TRUE
disco,FALSE,TRUE,FALSE,TRUE,FALSE,FALSE,TRUE,TRUE
dutch indie,FALSE,TRUE,FALSE,FALSE,FALSE,FALSE,FALSE,TRUE
album rock,FALSE,TRUE,FALSE,FALSE,FALSE,FALSE,FALSE,FALSE
album rock,TRUE,TRUE,FALSE,FALSE,TRUE,FALSE,FALSE,TRUE
dutch cabaret,FALSE,TRUE,FALSE,TRUE,FALSE,TRUE,FALSE,FALSE
modern rock,FALSE,TRUE,FALSE,FALSE,FALSE,FALSE,FALSE,TRUE
alternative metal,FALSE,FALSE,FALSE,FALSE,FALSE,TRUE,FALSE,TRUE
dutch indie,TRUE,TRUE,FALSE,FALSE,TRUE,FALSE,FALSE,FALSE
adult standards,FALSE,TRUE,FALSE,FALSE,FALSE,FALSE,FALSE,TRUE
dutch cabaret,FALSE,TRUE,FALSE,FALSE,FALSE,TRUE,FALSE,FALSE
bow pop,FALSE,FALSE,FALSE,FALSE,FALSE,TRUE,FALSE,TRUE
dutch indie,FALSE,TRUE,FALSE,FALSE,FALSE,TRUE,FALSE,TRUE
celtic rock,FALSE,TRUE,FALSE,FALSE,FALSE,FALSE,FALSE,TRUE
neo mellow,FALSE,FALSE,FALSE,TRUE,FALSE,TRUE,FALSE,TRUE
dance pop,FALSE,TRUE,FALSE,FALSE,FALSE,FALSE,FALSE,TRUE
dutch metal,FALSE,FALSE,FALSE,FALSE,FALSE,FALSE,FALSE,FALSE
album rock,FALSE,TRUE,FALSE,FALSE,FALSE,FALSE,FALSE,FALSE
album rock,FALSE,FALSE,FALSE,FALSE,TRUE,FALSE,FALSE,FALSE
dutch pop,FALSE,TRUE,FALSE,FALSE,TRUE,TRUE,FALSE,FALSE
soft rock,FALSE,TRUE,FALSE,FALSE,FALSE,FALSE,FALSE,TRUE
acoustic pop,FALSE,FALSE,FALSE,FALSE,FALSE,FALSE,FALSE,TRUE
acid jazz,FALSE,TRUE,FALSE,FALSE,TRUE,FALSE,TRUE,TRUE
dutch cabaret,TRUE,TRUE,FALSE,FALSE,TRUE,FALSE,FALSE,FALSE
alternative metal,FALSE,FALSE,FALSE,TRUE,FALSE,FALSE,FALSE,TRUE
dutch prog,FALSE,TRUE,FALSE,FALSE,FALSE,FALSE,FALSE,FALSE
modern rock,FALSE,FALSE,FALSE,FALSE,FALSE,FALSE,FALSE,TRUE
alternative dance,FALSE,TRUE,FALSE,FALSE,FALSE,FALSE,FALSE,TRUE
dutch cabaret,FALSE,TRUE,FALSE,FALSE,TRUE,FALSE,TRUE,FALSE
candy pop,FALSE,TRUE,FALSE,FALSE,FALSE,FALSE,FALSE,TRUE
detroit hip hop,TRUE,TRUE,FALSE,FALSE,TRUE,FALSE,FALSE,TRUE
irish rock,FALSE,TRUE,FALSE,FALSE,FALSE,FALSE,FALSE,TRUE
chanson,FALSE,FALSE,FALSE,TRUE,FALSE,TRUE,FALSE,TRUE
dutch indie,FALSE,TRUE,FALSE,FALSE,TRUE,TRUE,FALSE,FALSE
modern rock,FALSE,TRUE,FALSE,FALSE,FALSE,FALSE,FALSE,TRUE
britpop,FALSE,TRUE,FALSE,FALSE,FALSE,FALSE,FALSE,TRUE
operatic pop,FALSE,FALSE,FALSE,FALSE,FALSE,TRUE,FALSE,TRUE
trance,FALSE,TRUE,FALSE,FALSE,FALSE,FALSE,FALSE,TRUE
dutch cabaret,FALSE,TRUE,FALSE,FALSE,TRUE,FALSE,FALSE,TRUE
modern rock,TRUE,TRUE,FALSE,FALSE,TRUE,FALSE,FALSE,TRUE
dutch pop,FALSE,FALSE,FALSE,FALSE,FALSE,FALSE,FALSE,TRUE
dutch cabaret,TRUE,TRUE,FALSE,FALSE,TRUE,FALSE,FALSE,FALSE
album rock,FALSE,TRUE,FALSE,FALSE,TRUE,FALSE,FALSE,FALSE
album rock,FALSE,FALSE,FALSE,FALSE,TRUE,FALSE,FALSE,TRUE
dutch rock,TRUE,TRUE,FALSE,FALSE,TRUE,FALSE,FALSE,TRUE
permanent wave,FALSE,TRUE,FALSE,FALSE,FALSE,TRUE,FALSE,TRUE
dance pop,FALSE,TRUE,FALSE,FALSE,FALSE,FALSE,FALSE,TRUE
adult standards,TRUE,TRUE,FALSE,FALSE,TRUE,FALSE,FALSE,FALSE
modern rock,FALSE,TRUE,FALSE,FALSE,FALSE,FALSE,FALSE,TRUE
alternative rock,TRUE,TRUE,FALSE,FALSE,TRUE,FALSE,FALSE,TRUE
dutch cabaret,TRUE,TRUE,FALSE,FALSE,TRUE,FALSE,FALSE,FALSE
belgian rock,FALSE,TRUE,FALSE,FALSE,FALSE,FALSE,FALSE,FALSE
detroit hip hop,FALSE,TRUE,FALSE,TRUE,TRUE,FALSE,TRUE,TRUE
dance pop,FALSE,FALSE,FALSE,FALSE,FALSE,TRUE,FALSE,TRUE
neo mellow,FALSE,TRUE,FALSE,FALSE,FALSE,TRUE,FALSE,TRUE
blues rock,FALSE,TRUE,FALSE,FALSE,FALSE,FALSE,FALSE,FALSE
dutch prog,FALSE,TRUE,FALSE,FALSE,FALSE,FALSE,FALSE,FALSE
alternative metal,FALSE,TRUE,FALSE,FALSE,TRUE,TRUE,FALSE,TRUE
alternative metal,FALSE,TRUE,FALSE,FALSE,FALSE,FALSE,FALSE,TRUE
dance pop,FALSE,FALSE,FALSE,FALSE,FALSE,FALSE,FALSE,TRUE
dutch pop,FALSE,FALSE,FALSE,FALSE,FALSE,FALSE,FALSE,FALSE
album rock,FALSE,TRUE,FALSE,FALSE,TRUE,FALSE,FALSE,FALSE
dutch indie,FALSE,FALSE,FALSE,FALSE,FALSE,TRUE,FALSE,TRUE
album rock,FALSE,FALSE,FALSE,FALSE,FALSE,TRUE,FALSE,TRUE
pop,FALSE,TRUE,FALSE,FALSE,FALSE,FALSE,FALSE,TRUE
dutch indie,FALSE,TRUE,FALSE,FALSE,FALSE,FALSE,FALSE,TRUE
alternative rock,FALSE,FALSE,FALSE,FALSE,FALSE,FALSE,TRUE,TRUE
dance pop,TRUE,TRUE,FALSE,FALSE,TRUE,FALSE,TRUE,TRUE
permanent wave,FALSE,FALSE,FALSE,FALSE,FALSE,FALSE,FALSE,TRUE
scottish singer-songwriter,TRUE,TRUE,FALSE,FALSE,TRUE,FALSE,FALSE,FALSE
mellow gold,FALSE,TRUE,FALSE,FALSE,FALSE,TRUE,FALSE,TRUE
celtic rock,FALSE,TRUE,FALSE,FALSE,TRUE,FALSE,FALSE,TRUE
alternative pop,FALSE,FALSE,FALSE,FALSE,FALSE,FALSE,FALSE,FALSE
dutch americana,FALSE,TRUE,FALSE,TRUE,TRUE,FALSE,FALSE,TRUE
scottish singer-songwriter,FALSE,TRUE,FALSE,FALSE,FALSE,FALSE,FALSE,FALSE
pop,FALSE,FALSE,FALSE,FALSE,FALSE,TRUE,FALSE,TRUE
dance pop,FALSE,TRUE,FALSE,FALSE,TRUE,FALSE,FALSE,TRUE
british soul,FALSE,FALSE,FALSE,FALSE,FALSE,FALSE,FALSE,TRUE
dutch cabaret,FALSE,TRUE,FALSE,FALSE,FALSE,TRUE,FALSE,TRUE
permanent wave,FALSE,FALSE,FALSE,FALSE,FALSE,TRUE,FALSE,TRUE
modern rock,FALSE,TRUE,FALSE,FALSE,FALSE,FALSE,FALSE,TRUE
candy pop,TRUE,TRUE,FALSE,FALSE,TRUE,FALSE,FALSE,FALSE
british soul,FALSE,FALSE,FALSE,FALSE,FALSE,TRUE,FALSE,TRUE
album rock,FALSE,FALSE,FALSE,TRUE,FALSE,FALSE,FALSE,TRUE
dutch americana,FALSE,TRUE,FALSE,FALSE,FALSE,FALSE,FALSE,FALSE
permanent wave,FALSE,FALSE,FALSE,FALSE,FALSE,FALSE,FALSE,TRUE
alternative metal,FALSE,FALSE,FALSE,TRUE,FALSE,FALSE,FALSE,TRUE
neo mellow,FALSE,TRUE,FALSE,FALSE,FALSE,TRUE,FALSE,TRUE
dance pop,FALSE,FALSE,FALSE,FALSE,FALSE,FALSE,FALSE,TRUE
dutch pop,FALSE,FALSE,FALSE,FALSE,FALSE,FALSE,FALSE,FALSE
adult standards,TRUE,TRUE,FALSE,FALSE,TRUE,TRUE,FALSE,TRUE
classic rock,FALSE,FALSE,FALSE,FALSE,FALSE,FALSE,FALSE,TRUE
alternative rock,FALSE,FALSE,FALSE,FALSE,TRUE,FALSE,FALSE,TRUE
belgian rock,FALSE,FALSE,FALSE,FALSE,FALSE,FALSE,FALSE,FALSE
dance rock,FALSE,TRUE,FALSE,FALSE,TRUE,FALSE,FALSE,TRUE
adult standards,TRUE,TRUE,FALSE,FALSE,TRUE,FALSE,FALSE,TRUE
mellow gold,FALSE,TRUE,FALSE,FALSE,FALSE,FALSE,FALSE,TRUE
irish rock,FALSE,FALSE,FALSE,FALSE,FALSE,FALSE,FALSE,TRUE
alternative dance,FALSE,FALSE,FALSE,FALSE,FALSE,FALSE,FALSE,TRUE
atl hip hop,TRUE,TRUE,FALSE,FALSE,TRUE,FALSE,FALSE,TRUE
dance pop,FALSE,TRUE,FALSE,FALSE,TRUE,FALSE,FALSE,FALSE
dutch pop,FALSE,TRUE,FALSE,FALSE,FALSE,TRUE,FALSE,FALSE
album rock,FALSE,FALSE,FALSE,FALSE,FALSE,FALSE,FALSE,FALSE
dance pop,TRUE,TRUE,FALSE,FALSE,TRUE,FALSE,FALSE,TRUE
dutch indie,FALSE,FALSE,FALSE,TRUE,FALSE,TRUE,FALSE,FALSE
pop,TRUE,TRUE,FALSE,FALSE,TRUE,FALSE,FALSE,TRUE
irish rock,TRUE,TRUE,FALSE,FALSE,TRUE,FALSE,FALSE,FALSE
dance pop,FALSE,TRUE,FALSE,FALSE,FALSE,FALSE,FALSE,TRUE
dance pop,FALSE,TRUE,FALSE,FALSE,FALSE,FALSE,FALSE,TRUE
classic uk pop,TRUE,TRUE,FALSE,FALSE,TRUE,FALSE,FALSE,FALSE
dutch pop,FALSE,TRUE,FALSE,FALSE,TRUE,FALSE,FALSE,FALSE
eurodance,FALSE,TRUE,FALSE,FALSE,TRUE,FALSE,FALSE,TRUE
blues,TRUE,TRUE,FALSE,FALSE,TRUE,FALSE,FALSE,TRUE
carnaval limburg,FALSE,FALSE,FALSE,FALSE,FALSE,FALSE,FALSE,FALSE
album rock,TRUE,TRUE,FALSE,TRUE,TRUE,FALSE,FALSE,FALSE
mellow gold,FALSE,TRUE,FALSE,FALSE,TRUE,FALSE,FALSE,FALSE
dance pop,FALSE,FALSE,FALSE,FALSE,FALSE,TRUE,FALSE,FALSE
dutch rock,TRUE,TRUE,FALSE,TRUE,TRUE,FALSE,FALSE,TRUE
modern rock,FALSE,TRUE,FALSE,FALSE,TRUE,FALSE,FALSE,TRUE
british invasion,FALSE,TRUE,FALSE,FALSE,TRUE,FALSE,FALSE,TRUE
big beat,FALSE,TRUE,FALSE,FALSE,FALSE,FALSE,FALSE,TRUE
permanent wave,FALSE,FALSE,FALSE,FALSE,FALSE,FALSE,FALSE,TRUE
modern rock,FALSE,FALSE,FALSE,FALSE,FALSE,FALSE,FALSE,FALSE
british invasion,FALSE,FALSE,FALSE,FALSE,TRUE,FALSE,FALSE,TRUE
modern rock,FALSE,FALSE,FALSE,FALSE,FALSE,FALSE,FALSE,TRUE
adult standards,TRUE,TRUE,FALSE,FALSE,TRUE,FALSE,FALSE,TRUE
british invasion,FALSE,FALSE,FALSE,FALSE,TRUE,FALSE,FALSE,TRUE
carnaval limburg,FALSE,FALSE,FALSE,FALSE,FALSE,TRUE,FALSE,FALSE
dutch pop,FALSE,FALSE,FALSE,TRUE,FALSE,TRUE,FALSE,TRUE
classic rock,TRUE,TRUE,FALSE,FALSE,TRUE,FALSE,FALSE,TRUE
dutch cabaret,TRUE,TRUE,FALSE,FALSE,TRUE,FALSE,FALSE,TRUE
permanent wave,FALSE,FALSE,FALSE,FALSE,FALSE,FALSE,FALSE,TRUE
german pop,FALSE,TRUE,FALSE,FALSE,TRUE,FALSE,FALSE,FALSE
alternative dance,FALSE,FALSE,FALSE,FALSE,TRUE,FALSE,FALSE,TRUE
classic rock,FALSE,TRUE,FALSE,FALSE,FALSE,TRUE,FALSE,FALSE
alternative rock,TRUE,TRUE,FALSE,FALSE,TRUE,FALSE,FALSE,TRUE
alternative metal,FALSE,TRUE,FALSE,FALSE,FALSE,FALSE,FALSE,TRUE
british soul,FALSE,FALSE,FALSE,FALSE,TRUE,FALSE,FALSE,TRUE
blues rock,FALSE,FALSE,FALSE,FALSE,FALSE,TRUE,FALSE,TRUE
acoustic pop,FALSE,TRUE,FALSE,FALSE,TRUE,TRUE,FALSE,TRUE
dutch rock,FALSE,TRUE,FALSE,FALSE,FALSE,FALSE,FALSE,TRUE
adult standards,FALSE,TRUE,FALSE,FALSE,FALSE,TRUE,FALSE,TRUE
dance pop,FALSE,TRUE,FALSE,FALSE,TRUE,FALSE,FALSE,TRUE
modern rock,FALSE,FALSE,FALSE,FALSE,FALSE,FALSE,FALSE,TRUE
belgian rock,FALSE,TRUE,FALSE,FALSE,FALSE,FALSE,FALSE,TRUE
dutch metal,FALSE,FALSE,FALSE,FALSE,FALSE,FALSE,FALSE,TRUE
irish rock,FALSE,TRUE,FALSE,FALSE,FALSE,FALSE,FALSE,TRUE
alternative rock,FALSE,TRUE,FALSE,FALSE,TRUE,FALSE,FALSE,TRUE
big beat,FALSE,TRUE,FALSE,TRUE,TRUE,FALSE,FALSE,TRUE
uk pop,FALSE,TRUE,FALSE,FALSE,FALSE,TRUE,FALSE,TRUE
neo mellow,FALSE,TRUE,FALSE,FALSE,FALSE,TRUE,FALSE,TRUE
glam metal,FALSE,TRUE,FALSE,FALSE,TRUE,FALSE,FALSE,TRUE
permanent wave,FALSE,FALSE,FALSE,FALSE,FALSE,FALSE,FALSE,TRUE
dutch pop,FALSE,FALSE,FALSE,FALSE,FALSE,FALSE,FALSE,FALSE
modern rock,FALSE,TRUE,FALSE,FALSE,FALSE,FALSE,FALSE,TRUE
dutch pop,FALSE,FALSE,FALSE,FALSE,FALSE,FALSE,FALSE,FALSE
modern rock,FALSE,FALSE,FALSE,FALSE,FALSE,FALSE,FALSE,TRUE
british soul,TRUE,TRUE,FALSE,FALSE,TRUE,FALSE,FALSE,TRUE
alternative metal,FALSE,FALSE,FALSE,FALSE,TRUE,FALSE,FALSE,TRUE
dance pop,FALSE,FALSE,FALSE,FALSE,FALSE,FALSE,FALSE,TRUE
permanent wave,FALSE,FALSE,FALSE,FALSE,TRUE,FALSE,FALSE,TRUE
art rock,FALSE,FALSE,FALSE,FALSE,FALSE,FALSE,FALSE,FALSE
dutch pop,FALSE,TRUE,FALSE,FALSE,TRUE,FALSE,FALSE,FALSE
dutch pop,FALSE,FALSE,FALSE,FALSE,TRUE,FALSE,FALSE,FALSE
garage rock,FALSE,FALSE,FALSE,FALSE,FALSE,FALSE,TRUE,TRUE
dance pop,FALSE,TRUE,FALSE,FALSE,FALSE,TRUE,FALSE,TRUE
alternative dance,FALSE,FALSE,FALSE,FALSE,FALSE,FALSE,FALSE,FALSE
dance pop,TRUE,TRUE,FALSE,FALSE,TRUE,FALSE,FALSE,TRUE
permanent wave,FALSE,FALSE,FALSE,FALSE,FALSE,FALSE,FALSE,FALSE
arkansas country,FALSE,TRUE,FALSE,FALSE,FALSE,TRUE,FALSE,FALSE
alternative rock,FALSE,FALSE,FALSE,FALSE,FALSE,FALSE,FALSE,TRUE
dutch hip hop,FALSE,TRUE,FALSE,FALSE,TRUE,TRUE,TRUE,FALSE
dance pop,FALSE,TRUE,FALSE,FALSE,TRUE,FALSE,FALSE,TRUE
irish rock,FALSE,TRUE,FALSE,FALSE,FALSE,FALSE,FALSE,FALSE
permanent wave,FALSE,TRUE,FALSE,FALSE,FALSE,FALSE,FALSE,TRUE
album rock,TRUE,FALSE,FALSE,FALSE,TRUE,FALSE,FALSE,TRUE
belgian rock,FALSE,TRUE,FALSE,TRUE,FALSE,FALSE,FALSE,FALSE
dutch indie,TRUE,TRUE,FALSE,FALSE,TRUE,TRUE,FALSE,FALSE
modern rock,FALSE,TRUE,FALSE,FALSE,TRUE,FALSE,FALSE,TRUE
carnaval limburg,FALSE,FALSE,FALSE,FALSE,FALSE,FALSE,FALSE,FALSE
dutch cabaret,FALSE,TRUE,FALSE,FALSE,FALSE,TRUE,FALSE,FALSE
dutch pop,FALSE,FALSE,FALSE,FALSE,FALSE,TRUE,FALSE,TRUE
dutch metal,FALSE,FALSE,FALSE,FALSE,FALSE,FALSE,FALSE,FALSE
electro,FALSE,TRUE,FALSE,FALSE,FALSE,FALSE,TRUE,TRUE
adult standards,TRUE,FALSE,FALSE,FALSE,TRUE,TRUE,TRUE,TRUE
alternative metal,FALSE,TRUE,FALSE,FALSE,TRUE,FALSE,FALSE,TRUE
alternative dance,FALSE,TRUE,FALSE,FALSE,FALSE,FALSE,FALSE,TRUE
modern rock,FALSE,FALSE,FALSE,FALSE,FALSE,FALSE,FALSE,FALSE
dutch pop,FALSE,FALSE,FALSE,FALSE,FALSE,FALSE,FALSE,FALSE
acoustic pop,FALSE,FALSE,FALSE,FALSE,FALSE,TRUE,FALSE,TRUE
classic rock,FALSE,TRUE,FALSE,FALSE,TRUE,FALSE,FALSE,FALSE
brill building pop,TRUE,TRUE,FALSE,FALSE,TRUE,FALSE,FALSE,TRUE
g funk,FALSE,TRUE,FALSE,FALSE,FALSE,FALSE,FALSE,TRUE
dutch cabaret,FALSE,TRUE,FALSE,TRUE,FALSE,TRUE,FALSE,TRUE
dutch pop,FALSE,TRUE,FALSE,TRUE,FALSE,FALSE,FALSE,TRUE
happy hardcore,FALSE,TRUE,FALSE,TRUE,FALSE,FALSE,FALSE,FALSE
dutch pop,FALSE,TRUE,FALSE,FALSE,FALSE,FALSE,FALSE,TRUE
dutch indie,FALSE,FALSE,FALSE,FALSE,FALSE,TRUE,FALSE,FALSE
belgian rock,FALSE,TRUE,FALSE,FALSE,TRUE,FALSE,FALSE,FALSE
dutch indie,FALSE,FALSE,FALSE,FALSE,FALSE,FALSE,FALSE,FALSE
dutch indie,FALSE,TRUE,FALSE,FALSE,TRUE,FALSE,FALSE,FALSE
album rock,FALSE,FALSE,FALSE,TRUE,TRUE,FALSE,FALSE,FALSE
belgian pop,FALSE,TRUE,FALSE,FALSE,TRUE,FALSE,FALSE,TRUE
dutch pop,TRUE,TRUE,FALSE,FALSE,TRUE,TRUE,FALSE,FALSE
classic schlager,FALSE,TRUE,FALSE,FALSE,FALSE,FALSE,FALSE,FALSE
permanent wave,FALSE,FALSE,FALSE,FALSE,FALSE,FALSE,FALSE,TRUE
dance rock,FALSE,TRUE,FALSE,FALSE,TRUE,FALSE,FALSE,FALSE
album rock,FALSE,FALSE,FALSE,FALSE,TRUE,FALSE,FALSE,FALSE
dutch indie,FALSE,FALSE,FALSE,FALSE,FALSE,FALSE,FALSE,FALSE
dutch pop,TRUE,TRUE,FALSE,FALSE,TRUE,FALSE,FALSE,FALSE
dance pop,FALSE,TRUE,FALSE,FALSE,FALSE,FALSE,FALSE,TRUE
contemporary country,FALSE,TRUE,FALSE,FALSE,FALSE,FALSE,FALSE,TRUE
barbadian pop,FALSE,FALSE,FALSE,FALSE,TRUE,FALSE,TRUE,TRUE
adult standards,FALSE,TRUE,FALSE,FALSE,TRUE,TRUE,FALSE,FALSE
alternative rock,FALSE,TRUE,FALSE,FALSE,FALSE,FALSE,FALSE,TRUE
dance pop,FALSE,TRUE,FALSE,FALSE,FALSE,FALSE,FALSE,TRUE
gabba,FALSE,TRUE,FALSE,FALSE,TRUE,FALSE,FALSE,FALSE
modern rock,FALSE,FALSE,FALSE,FALSE,FALSE,FALSE,FALSE,TRUE
chamber pop,FALSE,TRUE,FALSE,FALSE,FALSE,TRUE,FALSE,FALSE
brill building pop,FALSE,TRUE,FALSE,FALSE,FALSE,FALSE,FALSE,FALSE